Trials,Precision,Regret,CumulativeRegret
1,7,0,9,248,9,248
2,9,4,8,485,17,733
3,10,2,8,450,26,183
4,11,6,8,266,34,449
5,12,6,7,753,42,202
6,14,8,7,699,49,902
7,15,0,7,478,57,380
8,18,2,7,049,64,429
9,17,8,6,805,71,234
10,22,6,6,149,77,383
11,20,4,5,961,83,344
12,21,0,6,079,89,423
13,23,6,5,745,95,168
14,25,2,5,618,100,786
15,25,6,5,354,106,140
16,30,0,5,111,111,251
17,25,0,5,000,116,251
18,28,8,4,719,120,970
19,31,6,4,514,125,483
20,32,8,4,298,129,781
21,33,8,4,251,134,032
22,33,8,4,096,138,128
23,32,4,4,179,142,307
24,39,8,3,636,145,943
25,40,4,3,485,149,428
26,42,6,3,213,152,641
27,39,0,3,530,156,171
28,45,0,3,017,159,188
29,46,6,3,069,162,258
30,49,6,2,939,165,196
31,47,0,2,972,168,168
32,51,8,2,572,170,741
33,54,6,2,576,173,317
34,51,2,2,591,175,908
35,52,0,2,683,178,591
36,54,2,2,601,181,192
37,56,4,2,415,183,607
38,55,2,2,318,185,925
39,56,4,2,579,188,504
40,61,2,2,064,190,569
41,60,4,2,064,192,632
42,57,4,2,137,194,770
43,62,4,2,021,196,791
44,62,4,2,047,198,837
45,61,6,2,001,200,838
46,61,4,2,189,203,027
47,64,2,2,004,205,031
48,65,0,1,982,207,014
49,63,2,1,916,208,930
50,68,6,1,807,210,737
51,67,2,1,922,212,659
52,67,8,1,737,214,396
53,69,0,1,788,216,184
54,71,2,1,519,217,702
55,69,8,1,847,219,549
56,70,4,1,546,221,095
57,72,2,1,509,222,605
58,70,0,1,580,224,185
59,71,2,1,636,225,821
60,71,6,1,447,227,269
61,71,6,1,526,228,795
62,72,4,1,459,230,254
63,71,4,1,712,231,967
64,73,0,1,346,233,313
65,75,6,1,309,234,622
66,74,4,1,404,236,026
67,75,2,1,275,237,301
68,76,0,1,418,238,718
69,76,2,1,212,239,931
70,75,6,1,474,241,405
71,75,8,1,453,242,858
72,76,8,1,314,244,172
73,77,6,1,292,245,464
74,79,4,1,278,246,742
75,76,8,1,320,248,062
76,77,2,1,261,249,323
77,81,6,1,316,250,639
78,81,8,1,310,251,949
79,78,0,1,174,253,123
80,81,4,1,194,254,317
81,81,0,1,335,255,651
82,81,0,1,165,256,817
83,79,4,1,138,257,955
84,82,2,1,100,259,055
85,81,4,1,203,260,258
86,80,6,1,071,261,329
87,79,8,1,135,262,464
88,79,8,1,276,263,740
89,83,0,1,083,264,823
90,81,2,1,212,266,035
91,80,4,1,205,267,240
92,84,8,1,065,268,305
93,85,8,1,102,269,407
94,84,4,1,046,270,453
95,84,0,1,071,271,525
96,82,6,1,054,272,579
97,84,0,1,049,273,628
98,83,2,1,144,274,772
99,86,2,1,051,275,823
100,86,4,1,133,276,955
101,85,4,1,100,278,055
102,84,4,1,097,279,152
103,85,6,1,072,280,225
104,86,0,0,956,281,181
105,85,4,1,011,282,191
106,87,2,1,060,283,251
107,86,8,0,999,284,250
108,85,2,1,052,285,302
109,85,2,1,055,286,357
110,86,6,1,052,287,409
111,86,0,0,894,288,303
112,87,0,1,046,289,349
113,87,4,0,901,290,250
114,85,8,0,915,291,165
115,85,0,0,980,292,145
116,87,8,0,882,293,027
117,88,0,0,885,293,912
118,88,0,0,889,294,802
119,90,6,0,842,295,644
120,87,6,0,895,296,538
121,88,2,0,936,297,475
122,88,4,0,839,298,314
123,86,2,0,857,299,170
124,88,2,0,908,300,078
125,88,4,0,952,301,030
126,89,6,0,925,301,955
127,88,6,0,825,302,781
128,89,0,0,873,303,654
129,90,6,0,817,304,471
130,89,4,0,842,305,313
131,91,2,0,771,306,084
132,88,6,0,914,306,998
133,89,4,0,862,307,860
134,88,8,0,851,308,711
135,89,8,0,862,309,574
136,90,2,0,781,310,354
137,90,2,0,767,311,121
138,88,4,0,857,311,978
139,90,4,0,918,312,896
140,89,6,0,761,313,657
141,91,8,0,848,314,505
142,91,2,0,744,315,249
143,91,6,0,761,316,010
144,91,4,0,873,316,883
145,91,2,0,759,317,641
146,92,0,0,800,318,441
147,92,2,0,755,319,196
148,90,2,0,757,319,953
149,91,4,0,763,320,716
150,90,2,0,696,321,412
151,91,4,0,683,322,095
152,92,4,0,709,322,804
153,91,4,0,733,323,537
154,91,8,0,679,324,216
155,91,4,0,772,324,988
156,93,2,0,873,325,860
157,92,0,0,780,326,640
158,92,6,0,725,327,364
159,91,6,0,721,328,086
160,91,6,0,720,328,806
161,94,0,0,688,329,494
162,92,4,0,724,330,218
163,92,8,0,631,330,848
164,92,4,0,677,331,526
165,92,0,0,564,332,090
166,92,4,0,777,332,867
167,92,8,0,695,333,562
168,93,0,0,625,334,187
169,92,2,0,734,334,921
170,92,4,0,742,335,663
171,93,4,0,601,336,264
172,93,6,0,714,336,978
173,93,4,0,611,337,589
174,93,2,0,682,338,271
175,92,0,0,656,338,927
176,94,6,0,582,339,508
177,93,8,0,712,340,220
178,93,6,0,726,340,946
179,93,0,0,545,341,491
180,93,6,0,574,342,065
181,92,6,0,828,342,892
182,92,6,0,700,343,592
183,94,2,0,619,344,211
184,94,6,0,667,344,878
185,94,6,0,669,345,547
186,93,2,0,719,346,267
187,93,4,0,627,346,894
188,94,4,0,699,347,593
189,94,4,0,661,348,254
190,93,4,0,679,348,933
191,93,6,0,621,349,553
192,94,2,0,608,350,161
193,95,2,0,643,350,804
194,94,2,0,558,351,362
195,95,2,0,513,351,875
196,95,0,0,610,352,485
197,93,2,0,633,353,119
198,94,8,0,551,353,669
199,94,8,0,607,354,277
200,94,6,0,583,354,859
201,94,8,0,609,355,468
202,94,6,0,603,356,071
203,94,8,0,571,356,642
204,94,4,0,660,357,302
205,96,2,0,527,357,830
206,93,8,0,705,358,535
207,94,8,0,593,359,128
208,94,6,0,526,359,654
209,94,6,0,586,360,239
210,95,6,0,592,360,831
211,94,6,0,587,361,418
212,95,8,0,591,362,010
213,95,4,0,668,362,678
214,95,8,0,536,363,213
215,95,0,0,601,363,814
216,94,6,0,628,364,442
217,95,2,0,550,364,992
218,95,4,0,544,365,536
219,95,2,0,531,366,066
220,95,2,0,633,366,700
221,95,0,0,589,367,289
222,96,0,0,581,367,870
223,96,4,0,620,368,491
224,96,2,0,570,369,061
225,95,2,0,494,369,555
226,95,8,0,602,370,157
227,95,0,0,472,370,629
228,95,8,0,490,371,119
229,95,0,0,531,371,651
230,94,8,0,529,372,180
231,95,0,0,560,372,740
232,95,2,0,612,373,352
233,95,0,0,546,373,898
234,96,0,0,602,374,500
235,96,4,0,568,375,068
236,95,8,0,510,375,578
237,95,2,0,449,376,027
238,95,8,0,519,376,546
239,94,8,0,567,377,113
240,95,6,0,465,377,578
241,96,8,0,493,378,070
242,96,0,0,403,378,473
243,96,2,0,475,378,948
244,95,6,0,510,379,458
245,96,2,0,531,379,989
246,96,2,0,605,380,593
247,96,0,0,552,381,146
248,96,4,0,492,381,637
249,96,4,0,466,382,104
250,96,0,0,539,382,642
251,95,6,0,506,383,148
252,95,2,0,532,383,680
253,96,8,0,522,384,201
254,95,6,0,543,384,745
255,95,8,0,468,385,213
256,95,6,0,498,385,711
257,96,4,0,571,386,282
258,97,6,0,390,386,672
259,97,0,0,413,387,085
260,96,0,0,440,387,525
261,96,6,0,551,388,075
262,96,6,0,521,388,596
263,96,6,0,548,389,144
264,96,6,0,498,389,643
265,96,8,0,515,390,157
266,96,8,0,469,390,626
267,97,2,0,469,391,095
268,95,8,0,547,391,643
269,97,2,0,448,392,091
270,96,6,0,467,392,558
271,97,4,0,495,393,052
272,97,2,0,516,393,568
273,97,2,0,433,394,001
274,96,6,0,417,394,418
275,96,6,0,467,394,885
276,96,2,0,503,395,388
277,96,6,0,481,395,869
278,97,0,0,451,396,320
279,97,6,0,486,396,806
280,96,8,0,490,397,295
281,96,8,0,468,397,763
282,97,2,0,443,398,207
283,98,0,0,440,398,647
284,97,2,0,548,399,195
285,96,8,0,545,399,739
286,96,8,0,408,400,147
287,97,2,0,501,400,648
288,97,2,0,437,401,086
289,97,6,0,490,401,575
290,97,4,0,400,401,975
291,97,0,0,507,402,482
292,96,8,0,436,402,917
293,98,0,0,414,403,331
294,97,4,0,510,403,841
295,96,6,0,447,404,288
296,97,4,0,472,404,759
297,97,8,0,452,405,211
298,97,2,0,411,405,622
299,98,0,0,452,406,074
300,97,8,0,403,406,476
301,97,6,0,471,406,947
302,97,8,0,470,407,417
303,97,8,0,453,407,870
304,97,6,0,434,408,304
305,97,6,0,389,408,693
306,97,6,0,463,409,157
307,97,8,0,438,409,594
308,97,8,0,390,409,984
309,97,2,0,446,410,430
310,97,2,0,366,410,796
311,98,0,0,439,411,234
312,97,2,0,482,411,716
313,97,6,0,501,412,217
314,97,6,0,472,412,689
315,98,0,0,411,413,100
316,97,2,0,475,413,575
317,97,4,0,410,413,985
318,97,8,0,400,414,385
319,97,4,0,356,414,741
320,97,8,0,368,415,108
321,98,6,0,499,415,608
322,98,0,0,494,416,102
323,97,4,0,466,416,568
324,97,4,0,483,417,052
325,97,8,0,487,417,538
326,97,4,0,360,417,898
327,97,8,0,354,418,253
328,97,6,0,421,418,673
329,97,6,0,331,419,004
330,97,4,0,399,419,403
331,97,2,0,409,419,811
332,97,6,0,431,420,243
333,97,6,0,437,420,680
334,97,6,0,461,421,141
335,97,4,0,456,421,597
336,98,0,0,442,422,039
337,97,2,0,395,422,434
338,97,6,0,385,422,818
339,97,6,0,372,423,190
340,98,2,0,489,423,679
341,98,2,0,404,424,083
342,98,0,0,358,424,441
343,98,6,0,383,424,824
344,97,6,0,339,425,163
345,97,6,0,370,425,533
346,97,8,0,375,425,908
347,98,2,0,394,426,302
348,98,0,0,403,426,705
349,97,8,0,405,427,110
350,98,4,0,390,427,501
351,97,8,0,410,427,911
352,97,8,0,438,428,349
353,98,4,0,403,428,752
354,98,4,0,352,429,103
355,98,6,0,400,429,504
356,98,0,0,373,429,877
357,98,4,0,378,430,254
358,98,2,0,365,430,619
359,98,2,0,419,431,038
360,98,0,0,370,431,408
361,98,0,0,395,431,803
362,98,0,0,368,432,171
363,98,0,0,452,432,623
364,98,4,0,405,433,028
365,98,4,0,387,433,415
366,98,8,0,314,433,729
367,98,6,0,432,434,161
368,98,6,0,355,434,516
369,98,4,0,416,434,932
370,98,6,0,420,435,352
371,98,4,0,408,435,760
372,98,4,0,363,436,124
373,98,4,0,398,436,522
374,98,0,0,352,436,874
375,97,8,0,407,437,281
376,98,0,0,406,437,686
377,99,0,0,300,437,986
378,97,8,0,360,438,346
379,98,2,0,391,438,736
380,98,4,0,372,439,108
381,98,6,0,315,439,423
382,98,8,0,287,439,711
383,98,0,0,384,440,095
384,98,8,0,332,440,427
385,98,6,0,439,440,865
386,99,0,0,357,441,222
387,98,4,0,356,441,579
388,98,6,0,281,441,860
389,98,2,0,390,442,250
390,98,2,0,280,442,530
391,98,6,0,385,442,915
392,99,0,0,309,443,224
393,98,6,0,393,443,617
394,98,4,0,361,443,978
395,98,2,0,420,444,399
396,98,4,0,327,444,726
397,98,0,0,336,445,062
398,98,0,0,415,445,477
399,98,8,0,294,445,772
400,98,8,0,368,446,140
401,98,8,0,353,446,493
402,98,0,0,233,446,726
403,98,8,0,356,447,083
404,98,4,0,338,447,421
405,99,0,0,246,447,667
406,97,8,0,335,448,002
407,98,8,0,339,448,341
408,99,0,0,325,448,666
409,98,8,0,321,448,987
410,98,4,0,308,449,295
411,98,8,0,322,449,617
412,98,6,0,354,449,971
413,99,0,0,319,450,290
414,99,0,0,266,450,556
415,98,8,0,337,450,893
416,99,4,0,409,451,302
417,98,8,0,319,451,621
418,98,4,0,276,451,898
419,98,6,0,323,452,221
420,98,6,0,310,452,530
421,99,0,0,311,452,841
422,98,8,0,272,453,113
423,99,0,0,251,453,364
424,98,6,0,260,453,624
425,99,0,0,375,453,999
426,99,0,0,293,454,291
427,98,6,0,241,454,533
428,99,2,0,322,454,854
429,98,6,0,310,455,164
430,98,6,0,420,455,585
431,98,6,0,321,455,906
432,98,2,0,357,456,263
433,98,4,0,357,456,619
434,99,2,0,331,456,950
435,98,8,0,285,457,235
436,98,8,0,298,457,533
437,98,8,0,310,457,843
438,98,6,0,329,458,172
439,98,6,0,325,458,498
440,98,6,0,286,458,783
441,98,8,0,243,459,026
442,98,8,0,296,459,322
443,98,8,0,296,459,619
444,98,4,0,282,459,900
445,99,0,0,297,460,198
446,98,4,0,326,460,523
447,98,6,0,322,460,846
448,98,6,0,305,461,150
449,98,8,0,279,461,430
450,98,6,0,358,461,788
451,99,0,0,258,462,046
452,98,8,0,299,462,345
453,99,0,0,367,462,712
454,98,4,0,323,463,035
455,99,0,0,320,463,355
456,98,8,0,287,463,641
457,99,0,0,333,463,974
458,99,0,0,352,464,325
459,98,8,0,222,464,548
460,98,6,0,290,464,838
461,99,0,0,276,465,114
462,98,6,0,359,465,473
463,99,0,0,263,465,736
464,98,6,0,286,466,022
465,99,0,0,372,466,394
466,98,8,0,243,466,636
467,98,8,0,239,466,875
468,98,8,0,299,467,174
469,98,4,0,246,467,420
470,99,2,0,244,467,664
471,98,8,0,223,467,886
472,99,4,0,304,468,190
473,99,0,0,305,468,495
474,99,2,0,238,468,733
475,98,8,0,384,469,117
476,98,6,0,309,469,426
477,98,8,0,247,469,673
478,99,0,0,212,469,884
479,99,4,0,194,470,078
480,99,0,0,225,470,303
481,99,0,0,252,470,556
482,99,2,0,308,470,864
483,99,0,0,288,471,151
484,99,0,0,346,471,497
485,99,0,0,305,471,802
486,99,4,0,280,472,082
487,99,0,0,265,472,346
488,99,4,0,319,472,665
489,99,2,0,304,472,969
490,99,2,0,258,473,227
491,99,0,0,225,473,452
492,99,0,0,270,473,722
493,99,0,0,277,473,999
494,99,0,0,301,474,300
495,98,8,0,325,474,625
496,99,0,0,295,474,920
497,99,2,0,229,475,150
498,99,2,0,305,475,455
499,99,2,0,237,475,692
500,99,0,0,330,476,022
501,99,4,0,245,476,267
502,99,0,0,247,476,513
503,99,2,0,254,476,768
504,99,2,0,232,477,000
505,99,2,0,283,477,282
506,98,8,0,246,477,529
507,99,0,0,224,477,753
508,99,6,0,273,478,026
509,99,2,0,268,478,293
510,99,4,0,302,478,595
511,98,8,0,315,478,910
512,99,0,0,310,479,220
513,99,0,0,228,479,449
514,98,8,0,236,479,685
515,99,2,0,224,479,909
516,99,0,0,360,480,269
517,99,0,0,285,480,555
518,98,8,0,259,480,814
519,99,0,0,228,481,042
520,99,6,0,311,481,354
521,99,2,0,261,481,614
522,99,2,0,272,481,887
523,99,4,0,232,482,119
524,98,8,0,284,482,403
525,99,2,0,289,482,692
526,99,0,0,272,482,964
527,99,2,0,266,483,230
528,99,4,0,278,483,508
529,99,0,0,273,483,781
530,99,4,0,252,484,033
531,99,4,0,261,484,294
532,99,2,0,264,484,558
533,99,2,0,321,484,879
534,99,4,0,229,485,108
535,99,2,0,254,485,363
536,99,4,0,283,485,645
537,99,0,0,274,485,920
538,99,6,0,283,486,203
539,98,8,0,272,486,475
540,99,4,0,256,486,730
541,99,4,0,275,487,005
542,99,6,0,254,487,259
543,99,2,0,242,487,501
544,99,4,0,334,487,835
545,99,4,0,262,488,097
546,99,2,0,266,488,363
547,98,8,0,223,488,586
548,99,6,0,189,488,776
549,99,2,0,218,488,994
550,99,4,0,245,489,238
551,99,4,0,277,489,515
552,99,0,0,273,489,789
553,99,6,0,228,490,017
554,99,2,0,239,490,255
555,99,6,0,269,490,525
556,99,2,0,265,490,790
557,99,4,0,280,491,070
558,99,2,0,297,491,367
559,99,4,0,258,491,625
560,99,4,0,285,491,909
561,99,2,0,251,492,160
562,99,4,0,285,492,445
563,99,6,0,282,492,728
564,98,8,0,322,493,050
565,99,4,0,222,493,272
566,99,6,0,254,493,526
567,99,0,0,272,493,797
568,99,0,0,291,494,089
569,99,6,0,215,494,303
570,99,2,0,252,494,556
571,98,8,0,256,494,811
572,99,0,0,309,495,120
573,99,4,0,239,495,359
574,99,4,0,218,495,577
575,99,6,0,249,495,826
576,99,6,0,276,496,102
577,99,4,0,192,496,294
578,99,4,0,263,496,557
579,99,2,0,212,496,768
580,99,6,0,305,497,073
581,98,6,0,284,497,357
582,99,2,0,205,497,563
583,99,0,0,267,497,830
584,99,6,0,217,498,047
585,99,0,0,270,498,318
586,99,6,0,206,498,524
587,99,4,0,230,498,754
588,99,2,0,279,499,034
589,99,0,0,268,499,302
590,99,4,0,250,499,552
591,99,6,0,270,499,822
592,99,6,0,234,500,056
593,99,4,0,208,500,265
594,99,0,0,190,500,454
595,99,8,0,277,500,731
596,99,6,0,227,500,958
597,99,4,0,192,501,151
598,99,6,0,213,501,364
599,99,2,0,236,501,600
600,99,6,0,270,501,870
601,99,4,0,234,502,104
602,99,4,0,254,502,357
603,99,4,0,154,502,512
604,99,2,0,237,502,749
605,99,4,0,209,502,957
606,99,6,0,302,503,260
607,99,2,0,193,503,453
608,99,6,0,214,503,666
609,99,6,0,256,503,922
610,99,6,0,238,504,160
611,99,4,0,260,504,420
612,100,0,0,249,504,670
613,99,6,0,221,504,891
614,99,8,0,268,505,159
615,99,8,0,232,505,390
616,99,6,0,235,505,625
617,99,4,0,252,505,877
618,99,6,0,213,506,090
619,99,4,0,271,506,362
620,99,6,0,201,506,563
621,99,6,0,216,506,779
622,99,2,0,173,506,952
623,99,8,0,233,507,185
624,99,6,0,256,507,442
625,99,8,0,194,507,636
626,99,8,0,210,507,846
627,99,6,0,180,508,026
628,99,8,0,261,508,287
629,99,4,0,224,508,511
630,99,6,0,207,508,718
631,99,4,0,219,508,937
632,99,8,0,239,509,176
633,99,6,0,195,509,371
634,99,6,0,254,509,625
635,99,6,0,249,509,874
636,99,6,0,219,510,093
637,99,8,0,208,510,301
638,99,4,0,241,510,542
639,99,6,0,197,510,739
640,99,4,0,196,510,936
641,99,6,0,257,511,192
642,99,6,0,232,511,424
643,99,8,0,250,511,674
644,99,4,0,260,511,935
645,99,6,0,198,512,132
646,99,6,0,218,512,350
647,99,4,0,257,512,607
648,99,6,0,259,512,866
649,99,8,0,213,513,080
650,99,6,0,237,513,317
651,99,6,0,245,513,562
652,99,8,0,174,513,736
653,99,4,0,277,514,013
654,99,6,0,219,514,232
655,99,4,0,204,514,436
656,99,8,0,195,514,631
657,99,6,0,212,514,843
658,99,8,0,237,515,081
659,99,6,0,163,515,244
660,99,8,0,189,515,433
661,99,6,0,184,515,617
662,99,6,0,195,515,812
663,99,6,0,298,516,110
664,99,6,0,262,516,373
665,99,8,0,192,516,564
666,99,6,0,216,516,780
667,99,8,0,267,517,047
668,99,6,0,211,517,258
669,99,4,0,187,517,444
670,99,4,0,232,517,676
671,99,4,0,182,517,858
672,99,8,0,183,518,041
673,99,4,0,140,518,182
674,99,8,0,188,518,370
675,99,6,0,214,518,584
676,99,8,0,214,518,798
677,99,6,0,237,519,035
678,99,4,0,220,519,256
679,99,6,0,193,519,449
680,99,6,0,206,519,655
681,99,8,0,207,519,862
682,99,6,0,182,520,044
683,99,8,0,202,520,246
684,99,8,0,211,520,457
685,99,8,0,200,520,657
686,99,6,0,192,520,849
687,99,6,0,174,521,023
688,99,4,0,172,521,195
689,99,6,0,225,521,419
690,99,6,0,179,521,598
691,99,6,0,183,521,781
692,99,8,0,195,521,976
693,99,8,0,237,522,213
694,99,8,0,220,522,433
695,99,8,0,170,522,603
696,99,8,0,278,522,882
697,99,8,0,201,523,083
698,99,6,0,208,523,290
699,99,6,0,192,523,482
700,99,6,0,211,523,693
701,99,4,0,274,523,967
702,99,8,0,200,524,167
703,99,8,0,185,524,352
704,99,6,0,178,524,530
705,99,8,0,208,524,738
706,99,6,0,173,524,911
707,99,8,0,124,525,035
708,99,4,0,218,525,252
709,99,8,0,200,525,452
710,99,6,0,212,525,665
711,99,8,0,209,525,873
712,99,6,0,230,526,103
713,100,0,0,177,526,280
714,99,8,0,190,526,470
715,99,6,0,216,526,686
716,99,8,0,198,526,884
717,99,8,0,233,527,117
718,99,6,0,232,527,349
719,99,6,0,192,527,541
720,99,6,0,222,527,763
721,99,8,0,221,527,984
722,99,8,0,154,528,138
723,99,8,0,200,528,338
724,99,6,0,241,528,579
725,99,8,0,221,528,800
726,99,8,0,191,528,991
727,99,6,0,210,529,201
728,99,8,0,205,529,406
729,99,8,0,212,529,617
730,99,8,0,183,529,800
731,99,8,0,198,529,998
732,99,8,0,203,530,201
733,99,8,0,177,530,378
734,99,8,0,224,530,602
735,99,6,0,209,530,811
736,99,6,0,215,531,027
737,99,6,0,205,531,232
738,99,8,0,210,531,442
739,99,8,0,212,531,654
740,99,6,0,221,531,875
741,99,6,0,178,532,053
742,99,6,0,164,532,217
743,99,6,0,225,532,442
744,99,8,0,168,532,610
745,99,6,0,192,532,801
746,99,8,0,141,532,943
747,99,8,0,221,533,164
748,100,0,0,154,533,318
749,99,8,0,202,533,520
750,100,0,0,192,533,711
751,99,6,0,253,533,964
752,99,6,0,187,534,151
753,99,6,0,184,534,335
754,99,8,0,240,534,575
755,99,8,0,257,534,831
756,99,8,0,189,535,020
757,99,6,0,224,535,245
758,99,8,0,234,535,479
759,99,8,0,224,535,704
760,99,8,0,128,535,832
761,99,8,0,160,535,991
762,99,8,0,231,536,222
763,99,8,0,179,536,401
764,99,8,0,169,536,569
765,99,6,0,202,536,771
766,99,8,0,176,536,947
767,99,8,0,207,537,155
768,99,8,0,158,537,313
769,99,6,0,166,537,479
770,99,4,0,144,537,622
771,100,0,0,211,537,833
772,99,8,0,221,538,054
773,99,6,0,166,538,220
774,99,8,0,219,538,439
775,99,8,0,129,538,568
776,99,8,0,174,538,741
777,99,8,0,169,538,910
778,99,6,0,159,539,069
779,99,8,0,186,539,255
780,99,6,0,269,539,524
781,99,8,0,224,539,749
782,99,6,0,182,539,930
783,99,8,0,166,540,096
784,99,8,0,153,540,249
785,99,6,0,196,540,445
786,99,8,0,168,540,613
787,99,6,0,161,540,773
788,99,6,0,243,541,016
789,99,6,0,169,541,186
790,99,8,0,230,541,415
791,99,6,0,239,541,654
792,99,8,0,192,541,847
793,99,6,0,157,542,004
794,99,6,0,218,542,222
795,99,8,0,152,542,374
796,99,8,0,149,542,523
797,99,8,0,133,542,655
798,99,8,0,163,542,818
799,99,8,0,190,543,008
800,99,8,0,227,543,235
801,99,8,0,201,543,437
802,99,8,0,175,543,612
803,99,4,0,167,543,779
804,100,0,0,241,544,020
805,99,8,0,130,544,150
806,99,6,0,166,544,316
807,100,0,0,173,544,490
808,99,8,0,164,544,653
809,99,6,0,160,544,813
810,99,4,0,254,545,067
811,99,6,0,220,545,287
812,99,6,0,117,545,403
813,99,6,0,176,545,579
814,99,8,0,188,545,767
815,99,8,0,166,545,933
816,99,8,0,139,546,072
817,99,8,0,154,546,225
818,99,8,0,167,546,392
819,100,0,0,163,546,555
820,99,8,0,160,546,714
821,99,8,0,138,546,852
822,99,8,0,175,547,027
823,99,8,0,163,547,190
824,99,8,0,164,547,354
825,99,6,0,169,547,523
826,100,0,0,132,547,655
827,99,8,0,158,547,813
828,99,8,0,156,547,969
829,100,0,0,205,548,174
830,100,0,0,193,548,367
831,100,0,0,136,548,503
832,100,0,0,153,548,656
833,99,8,0,199,548,856
834,99,8,0,234,549,090
835,99,8,0,165,549,255
836,99,6,0,205,549,459
837,99,8,0,177,549,636
838,99,8,0,174,549,810
839,99,8,0,166,549,977
840,99,6,0,204,550,181
841,99,8,0,176,550,356
842,99,8,0,157,550,513
843,99,8,0,167,550,680
844,100,0,0,179,550,860
845,99,8,0,199,551,059
846,100,0,0,134,551,193
847,99,8,0,160,551,352
848,99,4,0,248,551,600
849,100,0,0,153,551,753
850,99,6,0,176,551,929
851,99,8,0,205,552,134
852,100,0,0,218,552,352
853,99,8,0,146,552,498
854,100,0,0,159,552,657
855,100,0,0,158,552,815
856,100,0,0,166,552,981
857,100,0,0,181,553,162
858,100,0,0,219,553,381
859,100,0,0,153,553,534
860,100,0,0,179,553,714
861,100,0,0,199,553,913
862,100,0,0,171,554,084
863,99,8,0,168,554,253
864,100,0,0,135,554,387
865,100,0,0,177,554,564
866,100,0,0,168,554,732
867,100,0,0,090,554,823
868,100,0,0,186,555,009
869,100,0,0,178,555,187
870,99,8,0,161,555,347
871,100,0,0,144,555,491
872,99,8,0,197,555,688
873,99,8,0,163,555,850
874,99,8,0,229,556,079
875,99,8,0,175,556,254
876,99,8,0,170,556,424
877,100,0,0,132,556,556
878,99,8,0,204,556,760
879,99,8,0,184,556,944
880,100,0,0,126,557,070
881,99,8,0,184,557,254
882,99,6,0,192,557,446
883,99,8,0,180,557,627
884,99,8,0,175,557,801
885,100,0,0,199,558,001
886,99,8,0,146,558,146
887,100,0,0,167,558,313
888,100,0,0,171,558,484
889,99,8,0,132,558,616
890,99,8,0,143,558,759
891,99,8,0,169,558,928
892,100,0,0,201,559,128
893,99,6,0,184,559,312
894,99,8,0,146,559,458
895,99,8,0,166,559,624
896,100,0,0,191,559,815
897,99,8,0,162,559,977
898,100,0,0,216,560,193
899,100,0,0,190,560,383
900,100,0,0,195,560,578
901,99,8,0,141,560,719
902,100,0,0,173,560,892
903,99,8,0,149,561,041
904,100,0,0,190,561,230
905,100,0,0,135,561,365
906,100,0,0,165,561,530
907,100,0,0,180,561,710
908,100,0,0,170,561,879
909,100,0,0,188,562,067
910,100,0,0,152,562,220
911,100,0,0,182,562,401
912,100,0,0,131,562,532
913,100,0,0,136,562,668
914,100,0,0,175,562,843
915,99,6,0,163,563,006
916,100,0,0,155,563,160
917,100,0,0,110,563,270
918,100,0,0,157,563,427
919,100,0,0,191,563,618
920,99,8,0,179,563,797
921,99,8,0,141,563,939
922,100,0,0,157,564,096
923,100,0,0,120,564,216
924,100,0,0,190,564,406
925,99,8,0,128,564,534
926,100,0,0,145,564,679
927,100,0,0,134,564,814
928,100,0,0,133,564,947
929,99,8,0,152,565,099
930,100,0,0,129,565,227
931,100,0,0,165,565,392
932,100,0,0,213,565,605
933,100,0,0,149,565,754
934,100,0,0,151,565,905
935,99,8,0,182,566,087
936,100,0,0,157,566,244
937,100,0,0,165,566,409
938,99,8,0,151,566,560
939,100,0,0,129,566,689
940,100,0,0,109,566,798
941,100,0,0,196,566,994
942,99,8,0,137,567,131
943,100,0,0,162,567,292
944,100,0,0,159,567,451
945,100,0,0,193,567,645
946,100,0,0,141,567,785
947,99,8,0,136,567,921
948,100,0,0,186,568,108
949,100,0,0,200,568,308
950,99,6,0,144,568,452
951,100,0,0,165,568,617
952,100,0,0,127,568,744
953,99,6,0,174,568,919
954,100,0,0,143,569,061
955,100,0,0,148,569,210
956,100,0,0,123,569,332
957,100,0,0,191,569,523
958,100,0,0,129,569,652
959,100,0,0,127,569,779
960,99,8,0,176,569,955
961,100,0,0,185,570,140
962,100,0,0,142,570,282
963,100,0,0,171,570,453
964,99,8,0,158,570,611
965,99,8,0,141,570,752
966,100,0,0,083,570,835
967,99,8,0,144,570,979
968,100,0,0,179,571,158
969,99,8,0,125,571,284
970,100,0,0,159,571,442
971,100,0,0,143,571,585
972,100,0,0,141,571,726
973,100,0,0,100,571,826
974,99,8,0,166,571,992
975,100,0,0,124,572,116
976,100,0,0,138,572,254
977,99,8,0,184,572,438
978,100,0,0,194,572,632
979,100,0,0,141,572,772
980,100,0,0,118,572,890
981,100,0,0,146,573,036
982,100,0,0,129,573,165
983,100,0,0,219,573,384
984,100,0,0,103,573,487
985,100,0,0,097,573,584
986,100,0,0,180,573,763
987,100,0,0,160,573,924
988,100,0,0,134,574,057
989,100,0,0,182,574,239
990,100,0,0,143,574,383
991,100,0,0,158,574,541
992,100,0,0,180,574,721
993,100,0,0,141,574,862
994,99,8,0,146,575,007
995,99,8,0,126,575,133
996,100,0,0,196,575,330
997,100,0,0,135,575,465
998,100,0,0,109,575,574
999,100,0,0,165,575,738
1000,100,0,0,165,575,904
